ID,AGE,TENURE,LEVEL,DEPT
A01,33,9.333000183,3,4
A02,42,19.58300018,2,4
A03,40,12.75,3,2
A04,33,7.5,3,4
A05,32,3.332999945,3,2
A06,59,28,3,1
A07,55,30,1,0
A08,34,11.33300018,3,1
A09,62,5.416999817,3,2
A10,37,9.25,3,3
A11,46,27,3,3
A12,34,8.916999817,3,1
A13,48,0.25,3,2
A14,43,10.41699982,2,2
A15,40,8.416999817,3,2
A16,27,4.666999817,3,4
A17,30,12.41699982,3,1
A18,33,9.083000183,2,3
A19,32,4.833000183,3,2
A20,38,11.66699982,3,2
A21,36,12.5,2,1
